Number,ISLAND,FID,timeYrs,Delta,Censorship,Area_ha_Cov1,Area_Cov1_LogTrans,Latitude_Cov2,Erad_Numb_Cov3,EradNumb_Cov2_logx+1
1,"ADELE I., Tasman Bay",5326,107,1,Uncensored,88.29519535,1.945937072,-40.982527,5,0.77815125
2,ALDERMEN IS Hongiora,6179,117,0,Right Censored,15.54919528,1.191707918,-36.95708,0,0
3,ALDERMEN IS Middle Chain,6170,92,1,Uncensored,21.75995022,1.337657898,-36.957024,1,0.301029996
4,ALDERMEN IS Ruamahuaiti,6137,117,0,Right Censored,23.78804266,1.376358709,-36.975245,0,0
5,ALDERMEN IS Ruamahuanui,6186,117,0,Right Censored,30.35547765,1.482237071,-36.953592,0,0
6,"ALLPORTS I.,Queen Charlotte Sd",5101,89,1,Uncensored,16.46974645,1.216686913,-41.237194,6,0.84509804
7,"ANCHOR I.,Dusky Sd",3594,101,1,Uncensored,1136.611315,3.055611975,-45.758764,2,0.477121255
8,"ANCHORAGE I.,Port Pegasus",1015,117,0,Right Censored,140.6418956,2.148114711,-47.204261,5,0.77815125
9,ARAPAWA I.,282,117,0,Right Censored,7603.435584,3.881009871,-41.194623,0,0
10,BARE (MOTU-O-KURA) I.,5834,91,1,Uncensored,12.3249023,1.090783485,-39.833291,1,0.301029996
11,"BAUZA I.,Doubtful Sd",4131,102,1,Uncensored,461.5640064,2.664231934,-45.29343,1,0.301029996
12,"BENCH (COLL) I.,E.Stewart I.",1632,117,0,Right Censored,175.3387234,2.24387784,-46.908333,2,0.477121255
13,"BETSY I.,Boat Gp",1141,117,0,Right Censored,5.70231204,0.756050979,-47.129666,0,0
14,"BIG I.,Boat Gp",1124,117,0,Right Censored,22.70399506,1.356102284,-47.137297,0,0
15,BIG SOUTH CAPE I.,935,106,1,Uncensored,922.0808234,2.96476899,-47.234597,1,0.301029996
16,"BIRD I.,W. of Ruapuke I.",1895,117,0,Right Censored,25.73776158,1.410570773,-46.768554,0,0
17,"BLUMINE I.,Queen Charlotte Sd",5127,105,1,Uncensored,395.592047,2.597247552,-41.175833,4,0.698970004
18,"BREAKSEA I.,Breaksea Sd",3963,88,1,Uncensored,152.8784328,2.184346222,-45.579194,1,0.301029996
19,"BREAKSEA IS,SE Stewart I. Kaihuka",1236,117,0,Right Censored,10.53489471,1.0226302,-47.113931,1,0.301029996
20,"BREAKSEA IS,SE Stewart I. Rukawahak",1265,117,0,Right Censored,23.26413131,1.36668684,-47.104394,0,0
21,"BREAKSEA IS,SE Stewart I. Wharepuia",1226,117,0,Right Censored,18.56707019,1.268743379,-47.116242,1,0.301029996
22,BROTHERS IS Little Brother,5202,117,0,Right Censored,2.924728472,0.466085553,-41.103039,0,0
23,BROTHERS IS Southern Brother,5173,117,0,Right Censored,7.284399253,0.862393741,-41.114699,0,0
24,"BROWNS(MOTUKOREA) I.,Hauraki Gf",375,95,1,Uncensored,60.37342128,1.780845787,-36.832111,4,0.698970004
25,"CASNELL I.,Mahurangi Heads",6784,117,0,Right Censored,6.742499446,0.828820919,-36.4902,0,0
26,"CASTLE I.,E. Coromandel",6259,117,0,Right Censored,1.178771608,0.071429667,-36.868505,0,0
27,CAVALLI IS Hamaruru,8603,117,0,Right Censored,8.542977057,0.93160924,-34.976597,1,0.301029996
28,CAVALLI IS Haraweka,8549,117,0,Right Censored,6.221275137,0.793879409,-34.982009,0,0
29,CAVALLI IS Motuharakeke,8387,117,0,Right Censored,5.416035284,0.733681485,-35.000862,0,0
30,CAVALLI IS Motukawaiti,8277,117,0,Right Censored,45.91221524,1.661928248,-35.032497,0,0
31,CAVALLI IS Motukawanui,8537,117,0,Right Censored,382.0849445,2.582159925,-35.000081,0,0
32,CAVALLI IS Motutapere,8615,117,0,Right Censored,45.65309514,1.659470227,-34.971369,4,0.698970004
33,CAVALLI IS Nukutaunga,8587,117,0,Right Censored,13.0064777,1.114159701,-34.975611,1,0.301029996
34,CAVALLI IS Panaki,8595,117,0,Right Censored,15.31324463,1.18506722,-34.975917,1,0.301029996
35,"CENTRE(RAROTOKA) I.,Foveaux St",2179,97,1,Uncensored,103.3890657,2.014474611,-46.45675,1,0.301029996
36,"CHALKY I., Chalky Inlet",2781,101,1,Uncensored,511.6525813,2.708975169,-46.0525,2,0.477121255
37,CHETWODE IS Nukuwaiata,5491,94,1,Uncensored,185.3512919,2.267995617,-40.90093,4,0.698970004
38,CHETWODE IS Te Kakaho,5479,94,1,Uncensored,86.16753984,1.935343694,-40.89418,3,0.602059991
39,CHICKEN IS Coppermine,7379,97,1,Uncensored,76.81956254,1.88547183,-35.889194,2,0.477121255
40,CHICKEN IS Marotiri (Lady Alice),7391,94,1,Uncensored,145.7032687,2.163469295,-35.890236,2,0.477121255
41,CHICKEN IS Mauitaha,7404,117,0,Right Censored,3.315101127,0.520496781,-35.838575,0,0
42,CHICKEN IS Muriwhenua,7395,117,0,Right Censored,2.660599723,0.424979542,-35.884017,0,0
43,CHICKEN IS Whatupuke,7366,93,1,Uncensored,98.94097259,1.995376175,-35.88983,2,0.477121255
44,"COAL I., Preservation Inlet",2596,117,0,Right Censored,1195.188278,3.077436325,-46.119597,3,0.602059991
45,CODFISH I.,1868,97,1,Uncensored,1529.930098,3.184671588,-46.772541,3,0.602059991
46,"CONE I., Stephenson I. Gp",8684,117,0,Right Censored,6.975187045,0.843555858,-34.953211,1,0.301029996
47,"COOPER I.,Dusky Sd",3753,117,0,Right Censored,1778.963585,3.250167058,-35.884017,0,0
48,"CORDING IS,Preservation Inlet ""North""",2742,117,0,Right Censored,4.524974369,0.655616124,-46.066911,0,0
49,"CORDING IS,Preservation Inlet ""South""",2721,117,0,Right Censored,26.26880413,1.419440302,-46.074144,0,0
50,"CRAYFISH I.,Dusky Sd",3420,117,0,Right Censored,9.280955304,0.967592681,-45.791521,0,0
51,"CURLEW I.,Dusky Sd",3444,117,0,Right Censored,12.07759005,1.081980284,-45.78661,0,0
52,CUVIER I.,6851,93,1,Uncensored,169.3312863,2.228737208,-36.43668,3,0.602059991
53,"DOG I., Foveaux St",2017,117,0,Right Censored,18.88870083,1.276202088,-46.65079,0,0
54,D'URVILLE I.,311,117,0,Right Censored,16528.52555,4.218234113,-40.82646,0,0
55,"EAST(WHANGAOKENO) I.,East Cape",5984,97,1,Uncensored,12.96193473,1.11266983,-37.691097,2,0.477121255
56,"EDWARDS(MOTUNUI) I.,E.Stewart I.",1741,117,0,Right Censored,45.97521029,1.662523724,-46.834652,0,0
57,"ELEANOR I., Charles Sd",4271,117,0,Right Censored,6.488938534,0.81217366,-45.098304,0,0
58,"ELIZABETH I., Doubtful Sd",4065,117,0,Right Censored,66.03644461,1.819783683,-45.419034,0,0
59,"ENTRY I.,Breaksea Sd",209,117,0,Right Censored,38.48853002,1.585331325,-45.595718,0,0
60,"ERNEST I.,E. Stewart I.",929,117,0,Right Censored,16.80383711,1.225408463,-47.239416,0,0
61,"ERNEST IS.,W. Stewart I.",1533,117,0,Right Censored,70.57619575,1.848658245,-46.944012,1,0.301029996
62,"FERGUSSON I., Doubtful Sd",4073,117,0,Right Censored,12.33240545,1.091047795,-45.392939,0,0
63,"FIXED HEAD I.,Dusky Sd",3552,117,0,Right Censored,22.50763711,1.352329904,-45.758426,0,0
64,"FLAT(MOTUEKA) I., Whangaroa B.",8585,117,0,Right Censored,34.52647129,1.538152194,-34.9784,0,0
65,"FORSYTH I., Pelorus Sd",5369,117,0,Right Censored,766.7951388,2.884679351,-40.966948,0,0
66,"GARDEN IS, Chalky Inlet",2836,117,0,Right Censored,6.499241397,0.812862668,-46.032317,0,0
67,"GILBERT IS, Breaksea Sd Inner Gilbe",3927,117,0,Right Censored,24.74199702,1.39343475,-45.600759,0,0
68,"GILBERT IS, Breaksea Sd Inner Gilbe",3928,117,0,Right Censored,5.825597193,0.765340452,-45.5991,0,0
69,"GILBERT IS, Breaksea Sd Inner Gilbe",3933,117,0,Right Censored,19.54753197,1.291091932,-45.596294,0,0
70,"GILBERT IS, Breaksea Sd Inner Gilbe",3929,117,0,Right Censored,4.569267831,0.659846615,-45.598664,0,0
71,"GOAT I., Leigh",6948,117,0,Right Censored,13.38132612,1.126499155,-36.265861,2,0.477121255
72,"GOAT I., Paterson Inlet",1545,117,0,Right Censored,10.19305828,1.008304507,-46.957366,0,0
73,"GREAT I., Chalky Inlet",2952,117,0,Right Censored,740.2338054,2.869368915,-45.991792,1,0.301029996
74,"GREEN I., Foveaux St",1901,117,0,Right Censored,77.06109941,1.886835201,-46.768889,0,0
75,"GROPER I., Paterson Inlet",1548,117,0,Right Censored,7.390464527,0.868671737,-46.953114,0,0
76,"GREAT BARRIER, Aiguilles",7242,117,0,Right Censored,70.52901087,1.848367793,-36.034221,0,0
77,"GREAT BARRIER, Aotea (Gt Barrier)",7217,117,0,Right Censored,27721.14871,4.442811223,-36.194194,2,0.477121255
78,"GREAT BARRIER, Junction",6964,117,0,Right Censored,7.7466881,0.889116071,-36.233494,1,0.301029996
79,"GREAT BARRIER, Kaikoura",465,117,0,Right Censored,528.8097855,2.723299483,-36.180055,5,0.77815125
80,"GREAT BARRIER, Mahuki (Anvil)",6971,117,0,Right Censored,45.8366043,1.661212436,-36.234264,1,0.301029996
81,"GREAT BARRIER, Motuhaku",7115,117,0,Right Censored,39.73091562,1.599128574,-36.161583,1,0.301029996
82,"GREAT BARRIER, Motutaiko",6991,117,0,Right Censored,20.59626028,1.313788371,-36.218014,1,0.301029996
83,"GREAT BARRIER, Nelson",466,117,0,Right Censored,12.38814153,1.093006158,-36.16518,1,0.301029996
84,"GREAT BARRIER, Okokewa (Green)",7146,117,0,Right Censored,6.629838805,0.821502969,-36.142922,0,0
85,"GREAT BARRIER, Rangiahua",6983,117,0,Right Censored,62.29891053,1.794480452,-36.220652,1,0.301029996
86,"GREAT BARRIER, Unnam., S of Aiguill",7225,117,0,Right Censored,27.39675808,1.437699175,-36.046154,0,0
87,"GREAT BARRIER, Unnam., W of C. Barr",6871,117,0,Right Censored,11.8590477,1.074049816,-36.346848,0,0
88,"GREAT BARRIER, Unnam., S of Rosal",6886,117,0,Right Censored,9.0184932,0.955133982,-36.332685,0,0
89,"GREAT BARRIER, Whangara (Cliff)",6945,117,0,Right Censored,6.685536194,0.825136244,-36.255338,0,0
90,"HARAKEKE I., off C. Wiwiki",8120,117,0,Right Censored,11.47832147,1.059878384,-35.15418,2,0.477121255
91,"HARBOUR IS, Breaksea Sd ""North""",3964,117,0,Right Censored,7.807823358,0.892529979,-45.579298,0,0
92,"HARBOUR IS, Breaksea Sd ""South""",213,117,0,Right Censored,48.17001739,1.682776803,-45.585512,0,0
93,"HAULASHORE I.,Nelson",5086,117,0,Right Censored,6.313044718,0.800238866,-41.2675,2,0.477121255
94,"HAUTURU I., off Whangamata",6089,117,0,Right Censored,9.721248298,0.987722036,-37.214097,2,0.477121255
95,"HAWEA I., Breaksea Sd",208,86,1,Uncensored,8.198460557,0.913732312,-45.590361,1,0.301029996
96,"HAZELBURGH I., S of Ruapuke I.",1785,117,0,Right Censored,7.370927195,0.867522122,-46.821595,0,0
97,HEN (TARANGA) I.,499,111,1,Uncensored,489.91785,2.690123263,-35.962958,1,0.301029996
98,HEREKOPARE I.,1680,117,0,Right Censored,24.0742478,1.381552726,-46.86668,3,0.602059991
99,"HERON I.,Dusky Sd",3418,117,0,Right Censored,5.579521441,0.746596951,-45.795734,0,0
100,"HOKIANGA I., Ohiwa Hb.",5936,117,0,Right Censored,9.8275575,0.992445593,-38.020278,3,0.602059991
101,"INDIAN I., Dusky Sd",3514,117,0,Right Censored,167.5677087,2.224190331,-45.779611,3,0.602059991
102,"IONA I.,Paterson Inlet",1621,117,0,Right Censored,6.526707587,0.814694156,-46.90768,2,0.477121255
103,JACKY LEE(PUKEOKAOKA) I.,1706,117,0,Right Censored,30.20349199,1.480057157,-46.848528,0,0
104,"JOHN IS, Breaksea Sd ""East""",3970,117,0,Right Censored,10.61177273,1.02578794,-45.566074,0,0
105,"JOHN IS, Breaksea Sd ""West""",3968,117,0,Right Censored,45.13147011,1.65447948,-45.571783,0,0
106,"KAIMOHU I.,W Stewart I.",960,117,0,Right Censored,10.78118755,1.032666601,-47.202684,0,0
107,KAPITI I.,5525,96,1,Uncensored,1904.896558,3.279871397,-40.857111,9,1
108,"KARAMURAMU I., Hauraki Gulf",6237,117,0,Right Censored,7.189057873,0.85667198,-36.9244,0,0
109,"KAREWA I., Bay of Plenty",6066,117,0,Right Censored,4.479000898,0.65118115,-37.529944,0,0
110,KAWAU I.,6858,117,0,Right Censored,2032.497345,3.308029987,-36.423531,1,0.301029996
111,"KUNDY I.,Boat Gp",1162,117,0,Right Censored,21.07762759,1.323821727,-47.118847,1,0.301029996
112,"LIMESTONE I., Whangarei Hb",7430,117,0,Right Censored,38.72167053,1.587954085,-35.785013,9,1
113,LITTLE BARRIER(HAUTURU) I.,9152,104,1,Uncensored,3079.305548,3.488452784,-36.201694,6,0.84509804
114,"LITTLE I., Chalky Inlet",2961,117,0,Right Censored,24.56933153,1.390393341,-45.975159,0,0
115,"LONG I., Dusky Sd",3637,117,0,Right Censored,1899.407633,3.278618179,-45.762638,0,0
116,"LONG I., Queen Charlotte Sd",5197,97,1,Uncensored,114.3582361,2.058267448,-41.120044,1,0.301029996
117,"MACDONELL I., Bradshaw Sd",4170,117,0,Right Censored,19.38356743,1.287433709,-45.26775,0,0
118,"MAHURANGI I., Hahei Beach",6303,90,1,Uncensored,21.61854465,1.334826454,-36.830194,1,0.301029996
119,MANA I.,5219,89,1,Uncensored,220.1599229,2.342738264,-41.088764,3,0.602059991
120,"MANY IS, Dusky Sd",3506,117,0,Right Censored,14.2024267,1.152362557,-45.771678,0,0
121,MATAKANA I.,6077,117,0,Right Censored,6069.892789,3.78318102,-37.562245,0,0
122,MAUD I.,5275,93,1,Uncensored,318.040818,2.502482862,-41.025597,4,0.698970004
123,"MAYNE IS, Kawau Bay, Takangaroa",6846,117,0,Right Censored,4.389416788,0.64240682,-36.424847,2,0.477121255
124,MAYOR (TUHUA) I.,6081,100,1,Uncensored,1320.360495,3.120692522,-37.290416,4,0.698970004
125,"MERCURY IS, Ahuahu (Great Mercury)",433,117,0,Right Censored,1840.489851,3.264933427,-36.613347,4,0.698970004
126,"MERCURY IS, Double (Moturehu)",6608,89,1,Uncensored,28.88638086,1.460693133,-36.624097,1,0.301029996
127,"MERCURY IS, Green",6565,117,0,Right Censored,2.296442124,0.361055505,-36.643661,0,0
128,"MERCURY IS, Korapuki",420,87,1,Uncensored,17.16967809,1.234762153,-36.657694,2,0.477121255
129,"MERCURY IS, Middle",6577,117,0,Right Censored,10.99480599,1.04118757,-36.63768,1,0.301029996
130,"MERCURY IS, Red Mercury (Whakau)",6612,92,1,Uncensored,213.3296236,2.329051167,-36.62668,1,0.301029996
131,"MERCURY IS, Stanley (Kawhitihu)",6582,91,1,Uncensored,94.85175579,1.977045374,-36.64293,2,0.477121255
132,"MILFORD I., Whangaroa Hb",8298,117,0,Right Censored,32.32011842,1.509472943,-35.026325,0,0
133,"MOGGY IS, Mokinui (Big Moggy)",1100,106,1,Uncensored,101.1370753,2.00491039,-47.148763,2,0.477121255
134,"MOGGY IS, Mokiti (Little Moggy)",1099,117,0,Right Censored,10.36676794,1.015643377,-47.14043,1,0.301029996
135,"MOKOHINAU IS, Atihau (Trig)",7297,90,1,Uncensored,17.19364944,1.235368068,-35.913764,2,0.477121255
136,"MOKOHINAU IS, Burgess",7312,90,1,Uncensored,56.3682433,1.7510345,-35.905041,4,0.698970004
137,"MOKOHINAU IS, Fanal (Motukino)",7279,97,1,Uncensored,76.80153126,1.885369879,-35.942278,1,0.301029996
138,"MOKOHINAU IS, Flax (Maori Bay)",501,90,1,Uncensored,1.237452895,0.092528676,-35.914013,1,0.301029996
139,"MOTITI I., Bay of Plenty",6033,117,0,Right Censored,701.3669889,2.845945321,-37.625273,1,0.301029996
140,"MOTUANAURU I., Croisilles Hb.",5262,117,0,Right Censored,9.463723869,0.97606206,-41.041256,0,0
141,"MOTUARA I., Queen Charlotte Sd",5229,91,1,Uncensored,60.46828043,1.781527618,-41.092097,3,0.602059991
142,"MOTUAROHIA I., Bay of Islands",7852,109,1,Uncensored,65.35163409,1.815256451,-35.232291,3,0.602059991
143,"MOTUEKA I., Hahei Beach",6315,117,0,Right Censored,5.587115468,0.747187647,-36.819194,0,0
144,"MOTUHOA I., Tauranga Hb.",6022,117,0,Right Censored,107.2093745,2.030232762,-37.640887,0,0
145,"MOTUIHE I., Hauraki Gulf",6355,105,1,Uncensored,180.634037,2.256799588,-36.812097,9,1
146,"MOTUKAHAUA I., W. Coromandel",6563,117,0,Right Censored,17.82947635,1.251138588,-36.656518,0,0
147,"MOTUKARAMARAMA I.,W.Coromandel",6544,117,0,Right Censored,10.46424036,1.019707707,-36.679807,0,0
148,"MOTUKAURI I., Whangaruru Hb.",7695,117,0,Right Censored,5.76866146,0.761075053,-35.353909,0,0
149,"MOTUKETEKETE I.,S.of Kawau I.",6802,117,0,Right Censored,23.48004534,1.370698931,-36.470422,2,0.477121255
150,"MOTUKIEKIE I., Bay of Islands",7923,109,1,Uncensored,33.57420366,1.526005721,-35.217271,1,0.301029996
151,"MOTUKOPAKE I., W. Coromandel",6435,117,0,Right Censored,13.21020674,1.120909615,-36.753505,0,0
152,"MOTUKORANGA I., Mercury Bay",6413,117,0,Right Censored,6.3074735,0.799855435,-36.744976,0,0
153,"MOTUKORUENGA I., Mercury Bay",6456,117,0,Right Censored,4.670756792,0.669387254,-36.730234,0,0
154,"MOTUNAU I., Pegasus Bay",4774,62,1,Uncensored,3.764981955,0.575762899,-43.062,1,0.301029996
155,"MOTUNGAIO I., Tauranga Hb.",6031,117,0,Right Censored,20.17124732,1.304732754,-37.620477,0,0
156,"MOTUOPAO I., C.Maria van Dieman",8907,89,1,Uncensored,30.10369825,1.478619852,-34.4725,1,0.301029996
157,"MOTUORA I., S. of Kawau I.",6777,117,0,Right Censored,79.76516248,1.901813254,-36.505475,0,0
158,"MOTUOROI I., Anaura Bay",5922,117,0,Right Censored,16.45353008,1.216259089,-38.248965,0,0
159,"MOTUORUHI(GOAT) I.,W.Coromandel",6455,117,0,Right Censored,55.83109335,1.746876133,-36.742306,3,0.602059991
160,"MOTUREKAREKA I.,S. of Kawau I.",6794,117,0,Right Censored,15.1194495,1.179535979,-36.474169,1,0.301029996
161,"MOTUREMU I., Kaipara Hb.",6847,117,0,Right Censored,5.163413982,0.712936946,-36.422111,3,0.602059991
162,"MOTUROA I., Bay of Islands",7959,117,0,Right Censored,159.2674951,2.20212715,-35.211375,4,0.698970004
163,"MOTUROA IS, Rangaunu B., Green",8853,117,0,Right Censored,4.848871475,0.685640673,-34.781188,0,0
164,"MOTUROA IS, Rangaunu B., Moturoa",8866,117,0,Right Censored,10.94509262,1.039219441,-34.770381,0,0
165,"MOTUROA IS, Rangaunu B., Whale",8848,117,0,Right Censored,12.76317534,1.105958736,-34.78683,1,0.301029996
166,"MOTURUA I., Bay of Islands",7912,109,1,Uncensored,162.1915604,2.210028252,-35.222944,6,0.84509804
167,"MOTURUA(RABBIT) I.,W.Coromandel",6527,117,0,Right Censored,26.91677924,1.430023093,-36.697574,0,0
168,"MOTUTAPERE I., W. Coromandel",6354,117,0,Right Censored,185.3512919,2.267995617,-36.780778,5,0.77815125
169,"MOTUTAPU I., Hauraki Gulf",403,89,1,Uncensored,1550.700942,3.190528051,-36.766211,16,1.230448921
170,"MOTUWI I., W. Coromandel",6547,117,0,Right Censored,18.52855165,1.267841472,-36.675633,0,0
171,"MURIMOTU I., North Cape",8944,117,0,Right Censored,8.992666603,0.953888493,-34.414692,0,0
172,"NATIVE I., Paterson Inlet",1614,117,0,Right Censored,62.4182873,1.795311848,-46.917013,7,0.903089987
173,"NEE I., Doubtful Sd",4176,117,0,Right Censored,4.875987383,0.688062573,-45.246317,0,0
174,"NOBLE I., Port Pegasus",972,117,0,Right Censored,161.940818,2.209356329,-47.214957,0,0
175,"NOISES IS, Hauraki Gulf, Motuhoropa",6543,103,1,Uncensored,8.881345247,0.948478753,-36.690589,7,0.903089987
176,"NOISES IS, Hauraki Gulf, Otata",6541,103,1,Uncensored,16.56265332,1.219129912,-36.696516,7,0.903089987
177,"NOMANS I., Dusky Sd",3485,117,0,Right Censored,20.04985966,1.302111337,-45.77788,0,0
178,"NORTH I., NE Stewart I.",1770,117,0,Right Censored,7.538644056,0.877293238,-46.816271,0,0
179,"OHAKANA I., Ohiwa Hb.",5965,117,0,Right Censored,46.15801166,1.664247093,-37.989583,2,0.477121255
180,"OHAURORO(PEACH) I.,Whangaroa Hb.",8315,117,0,Right Censored,10.80349429,1.033564247,-35.020764,1,0.301029996
181,OHENA IS: Ohinau,6469,105,1,Uncensored,41.95507312,1.622784482,-36.728666,3,0.602059991
182,OHENA IS: Ohinauiti,6482,117,0,Right Censored,5.278089509,0.722476751,-36.716654,0,0
183,"OKAHU I., Bay of Islands",8042,109,1,Uncensored,27.71201284,1.442668072,-35.200013,2,0.477121255
184,"OKE I., Dusky Sd",3878,117,0,Right Censored,34.86264003,1.542360272,-45.637155,0,0
185,"ONLY IS, Preservation Inlet",3015,117,0,Right Censored,13.54757333,1.13186151,-45.960524,0,0
186,OPEN BAY IS. Taumaka,4603,117,0,Right Censored,14.28915846,1.155006652,-43.860209,0,0
187,"OTUHAEREROA I.,Croisilles Hb.",5267,117,0,Right Censored,20.99474511,1.322110606,-41.040417,0,0
188,"OTUWHANGA I., Cape Brett",8088,117,0,Right Censored,6.098819352,0.78524577,-35.170709,0,0
189,"OWEN I., SE Stewart I.",1193,117,0,Right Censored,32.96600318,1.518066296,-47.125444,1,0.301029996
190,"PAKATOA I., Hauraki Gulf",6361,117,0,Right Censored,27.38879645,1.437572948,-36.796777,2,0.477121255
191,"PAKIHI I., Hauraki Gulf",6252,117,0,Right Censored,114.8757377,2.060228313,-36.909144,2,0.477121255
192,"PARROT I., Dusky Sd",3731,117,0,Right Censored,40.18462052,1.604059871,-45.708,1,0.301029996
193,"PASSAGE IS,Chalky Inlet, ""N. Passag",2861,117,0,Right Censored,10.14493269,1.00624917,-46.0165,1,0.301029996
194,"PASSAGE IS,Chalky Inlet, ""S. Passag",165,117,0,Right Censored,179.7233777,2.254604572,-46.025847,1,0.301029996
195,"PASSAGE IS, Dusky Sd, Passage",3537,117,0,Right Censored,16.41390721,1.215211974,-45.765964,0,0
196,"PEARL I., Port Pegasus",1066,117,0,Right Censored,513.0680626,2.710174982,-47.194625,3,0.602059991
197,"PETREL IS, Dusky Sd, ""North Petrel""",3625,117,0,Right Censored,5.522079188,0.74210263,-45.735263,0,0
198,"PETREL IS, Dusky Sd, ""South Petrel""",3608,117,0,Right Censored,21.12843067,1.324867241,-45.740091,0,0
199,"PICKERSGILL I.,Queen Charlotte Sd",5128,105,1,Uncensored,101.8467542,2.007947193,-41.161278,4,0.698970004
200,PIERCY(MOTUKOKAKO) I.,8094,117,0,Right Censored,6.518757203,0.814164806,-35.164903,0,0
201,"PIG I., Colac Bay",2209,117,0,Right Censored,7.279471363,0.862099842,-46.405881,0,0
202,"PIGEON I., Dusky Sd",3735,117,0,Right Censored,72.82646952,1.862289257,-45.708731,3,0.602059991
203,"PONUI I., Hauraki Gulf",373,117,0,Right Censored,1796.693329,3.254473955,-36.866641,0,0
204,"POOR KNIGHTS IS., Aorangaia",7594,117,0,Right Censored,5.517607292,0.741750787,-35.486274,0,0
205,"POOR KNIGHTS IS., Aorangi",7616,36,1,Uncensored,103.8381334,2.016356873,-35.483778,2,0.477121255
206,"POOR KNIGHTS IS., Archway",7587,117,0,Right Censored,6.031713267,0.780440688,-35.490241,0,0
207,"POOR KNIGHTS IS., Tawhiti Rahi",7652,117,0,Right Censored,155.9269366,2.192921147,-35.456224,0,0
208,"POROPORO I., Bay of Islands",7856,109,1,Uncensored,8.198487315,0.913733729,-35.230444,1,0.301029996
209,PORTLAND I.,5861,117,0,Right Censored,147.0102738,2.167347687,-39.292613,0,0
210,"POUREWA I., Tolaga Bay",5916,117,0,Right Censored,39.73671032,1.59919191,-38.384014,1,0.301029996
211,"POUTAMA I.,",866,117,0,Right Censored,37.62301248,1.575453567,-47.266907,0,0
212,"PROVE I., Dusky Sd",3542,117,0,Right Censored,8.106397458,0.908827893,-45.764256,0,0
213,PUTAUHINU I.,948,97,1,Uncensored,148.871043,2.172810231,-47.216653,2,0.477121255
214,"PUTAUHINU NUGGETS, ""Central Nugget""",50,117,0,Right Censored,7.260387623,0.860959808,-47.228371,1,0.301029996
215,"PUTAUHINU NUGGETS, Huirapa",916,117,0,Right Censored,4.892344488,0.68951703,-47.226691,0,0
216,"PUTAUHINU NUGGETS, ""Western Nugget""",897,117,0,Right Censored,4.918542158,0.691836398,-47.232318,0,0
217,"QUAIL I., Lyttelton Hb.",4733,117,0,Right Censored,84.24986019,1.925569189,-43.629486,11,1.079181246
218,"QUARANTINE I., Otago Hb.",5845,117,0,Right Censored,2.823640822,0.450809452,-39.486918,0,0
219,"RAKINO I., Hauraki Gulf",6519,103,1,Uncensored,149.7472017,2.175358716,-36.721278,3,0.602059991
220,RAKITU(ARID) I.,7174,117,0,Right Censored,312.3307829,2.49461479,-36.12625,2,0.477121255
221,"RANGIPUKEA I., W. Coromandel",6331,117,0,Right Censored,33.52496245,1.5253683,-36.826892,1,0.301029996
222,RANGITOTO I.,395,109,1,Uncensored,2323.55851,3.366153613,-36.787111,11,1.079181246
223,"RANGITOTO IS, Puangiangi",5587,99,1,Uncensored,64.30591939,1.808250952,-40.77075,2,0.477121255
224,"RANGITOTO IS, Tinui",5577,99,1,Uncensored,94.25553943,1.974306883,-40.777014,2,0.477121255
225,"RANGITOTO IS, Whakaterepapanui",5625,99,1,Uncensored,75.96050822,1.880587862,-40.75543,2,0.477121255
226,"RANGIWAEA I., Tauranga Hb.",6036,117,0,Right Censored,334.0558477,2.523819079,-37.627579,0,0
227,"RAT I., W. Stewart I.",1140,117,0,Right Censored,12.37199756,1.092439826,-47.133505,0,0
228,RESOLUTION I.,207,117,0,Right Censored,20887.59384,4.319888414,-45.680027,2,0.477121255
229,RIMARIKI I.,7670,117,0,Right Censored,18.10211137,1.257729232,-35.423958,1,0.301029996
230,"ROTOROA I., Hauraki Gulf",6341,117,0,Right Censored,89.24113588,1.950565089,-36.813778,4,0.698970004
231,RUAPUKE I.,1945,117,0,Right Censored,1467.685014,3.16663286,-46.766535,1,0.301029996
232,"RUGGED IS: ""Eastern Rugged""",1935,117,0,Right Censored,8.9873304,0.953630708,-46.706476,0,0
233,"RUGGED IS: ""Western Rugged""",1944,117,0,Right Censored,30.96661686,1.490893761,-46.703948,0,0
234,"RURIMA I., Bay of Plenty",5974,84,1,Uncensored,5.598941695,0.748105945,-37.831994,2,0.477121255
235,"SEAL IS, Dusky Sd, ""Eastern Seal""",3457,117,0,Right Censored,13.71594817,1.137225835,-45.778102,0,0
236,"SEAL IS, Dusky Sd, ""Western Seal""",3435,117,0,Right Censored,9.545911451,0.979817401,-45.780814,0,0
237,SECRETARY I.,235,117,0,Right Censored,8024.518435,3.904418979,-45.227514,2,0.477121255
238,"SHELTER IS, Doubtful Sd, Unnamed",4161,117,0,Right Censored,7.094389107,0.850915005,-45.270108,0,0
239,"SHELTER IS, Doubtful Sd, Unnamed",4160,117,0,Right Censored,11.6301389,1.065584902,-45.270779,0,0
240,SHOE (MOTUHOA) I.,6120,117,0,Right Censored,45.71555121,1.660063961,-36.994047,0,0
241,SLIPPER I. GP: Penguin,6099,117,0,Right Censored,9.473814922,0.976524896,-37.065268,0,0
242,SLIPPER I. GP: Rabbit,6096,117,0,Right Censored,9.61078855,0.982759022,-37.070287,0,0
243,SLIPPER I. GP: Slipper (Whakahau),6113,117,0,Right Censored,234.5850407,2.370300314,-37.048682,0,0
244,"SMALL CRAFT HARBOUR IS, Chalky In.",2983,117,0,Right Censored,24.60223063,1.390974485,-45.969139,0,0
245,SOLANDER IS: Big Solander,2067,117,0,Right Censored,84.70763862,1.927922575,-46.573136,0,0
246,SOLANDER IS: Little Solander,2046,117,0,Right Censored,6.744676198,0.828961105,-46.569323,0,0
247,SOLOMON I.,940,106,1,Uncensored,28.69525991,1.457810163,-47.220083,2,0.477121255
248,"SOMES I., Wellington Hb.",5079,90,1,Uncensored,25.65853238,1.409231812,-41.259194,1,0.301029996
249,"SOUTH ISLETS,Ruapuke I.",1834,117,0,Right Censored,8.017158013,0.904020443,-46.803395,0,0
250,"SQUARE TOP I., Cape Colville",6796,117,0,Right Censored,4.035943501,0.605945078,-36.461978,0,0
251,"STEEP-TO I., Preservation Inlet",2654,117,0,Right Censored,59.99830765,1.778139001,-46.097756,2,0.477121255
252,"STEPHENS I.,",5744,25,1,Uncensored,143.9829491,2.158311065,-40.672527,2,0.477121255
253,STEPHENSON(MAHINEPUA) I.,8704,117,0,Right Censored,112.4758476,2.051059274,-34.965847,2,0.477121255
254,"STEWART I.,",31,117,0,Right Censored,168537.5419,5.226696656,-46.988333,5,0.77815125
255,"STOP I., Dusky Sd",3534,117,0,Right Censored,10.15365956,1.006622598,-45.765855,0,0
256,"STYLES I., Caswell Sd",4330,117,0,Right Censored,12.01684249,1.079790369,-45.004686,0,0
257,"TARAHIKI(SHAG) I.,Hauraki Gulf",6363,117,1,Right Censored,6.085260645,0.784279185,-36.790097,1,0.301029996
258,"TARAKAIPA I., Tennyson Inlet",5246,117,0,Right Censored,34.47096377,1.537453426,-41.066708,1,0.301029996
259,"TAWHITINUI I., Tennyson Inlet",5258,117,0,Right Censored,21.08363883,1.323945568,-41.050416,3,0.602059991
260,"TE HAUPA(SADDLE) I.,Maharangi Hds",6767,117,0,Right Censored,4.157227335,0.618803774,-36.512263,3,0.602059991
261,"TE MOTU I., Kawhia Hb.",5932,117,0,Right Censored,14.87036963,1.172321764,-38.10169,0,0
262,"THE ISLANDS, Wairau Bar",4973,117,0,Right Censored,20.49439582,1.31163512,-41.532302,0,0
263,"TIA, S.E. Stewart I.",1326,117,0,Right Censored,20.81191629,1.31831207,-47.073429,0,0
264,TIRITIRI MATANGI I.,434,93,1,Uncensored,187.6466152,2.273340735,-36.60293,7,0.903089987
265,"TITI I., Cook Strait",5353,75,1,Uncensored,23.49621563,1.370997919,-40.951347,2,0.477121255
266,"TONGA I., Tasman Bay",5475,107,1,Uncensored,8.332346468,0.92076732,-40.89068,1,0.301029996
267,TRIO IS: Middle Trio,5518,117,0,Right Censored,15.62093344,1.193706982,-40.838113,0,0
268,"TUHAWAIKI I.,S.of Catlins R.mouth",2185,117,0,Right Censored,9.585048295,0.981594305,-46.502824,0,0
269,"ULVA I., Paterson Inlet",1591,97,1,Uncensored,262.0847774,2.418441797,-46.933292,2,0.477121255
270,"UNNAMED, Blueskin Bay",3957,117,0,Right Censored,21.63791557,1.335215422,-45.73074,0,0
271,"UNNAMED,Cormorant Cv,Resolution I.",3770,117,0,Right Censored,13.59534039,1.133390086,-45.688425,0,0
272,"UNNAMED,E. of Long I.,Dusky Sd",3643,117,0,Right Censored,45.49576315,1.657970954,-45.745969,0,0
273,"UNNAMED,Earshell Cv,Resolution I.",3669,117,0,Right Censored,24.5604591,1.390236481,-45.729129,0,0
274,"UNNAMED,S.of Walker I.,Rangaunu Hb.",8803,117,0,Right Censored,5.410597892,0.733245259,-34.913008,0,0
275,"UNNAMED, Waiheke I.",6381,117,0,Right Censored,0.561473083,-0.250671059,-36.773725,0,0
276,"URETARA I., Ohiwa Hb.",5964,117,0,Right Censored,68.76179554,1.837347209,-38.000192,1,0.301029996
277,"URAPUKAPUKA I., Bay of Islands",7989,109,1,Uncensored,222.8079937,2.347930768,-35.216564,5,0.77815125
278,"UTAH I., Doubtful Sd",4112,117,0,Right Censored,5.066732154,0.704727947,-45.297109,0,0
279,"VICTORY I., D'Urville I.",889,117,0,Right Censored,2.86868242,0.457682472,-47.251157,0,0
280,"WAEWAETOREA I., Bay of Islands",882,117,0,Right Censored,1.070486889,0.029581353,-47.251487,3,0.602059991
281,WAIHEKE I.,881,117,0,Right Censored,1.875731233,0.27317061,-47.249938,0,0
282,"WAIMATE I., W. Coromandel",506,117,0,Right Censored,1.029845815,0.012772208,-35.886381,1,0.301029996
283,"WALKER I., Rangaunu Hb.",8805,117,0,Right Censored,20.91203961,1.320396393,-34.907973,0,0
284,"WEDGE I. GP, Stewart I.: Pohowaitai",3814,117,0,Right Censored,15.97826745,1.203529686,-45.828418,0,0
285,"WEDGE I. GP, Stewart I.: Tamaitemio",1741,117,0,Right Censored,45.97521029,1.662523724,-46.834652,0,0
286,"WEKA I., S.E. Stewart I.",403,89,1,Uncensored,1550.700942,3.190528051,-36.766211,16,1.230448921
287,"WEKA I., Preservation Inlet",395,109,1,Uncensored,2323.55851,3.366153613,-36.787111,11,1.079181246
288,"WEKARUA I., W. Coromandel",388,117,0,Right Censored,3.912577208,0.592462921,-36.758737,0,0
289,WHALE (MOTUHORA) I.,4614,117,0,Right Censored,0.059422083,-1.22605213,-43.883445,3,0.602059991
290,"WHANGANUI I., W. Coromandel",306,117,0,Right Censored,2.318202094,0.365151294,-40.801035,1,0.301029996
291,"WHANGARA I., Whangara",263,117,0,Right Censored,27.89308108,1.445496489,-41.262471,0,0
292,"WHENUAKURA I., off Whangamata",101,117,0,Right Censored,2.027179801,0.30689227,-46.752479,2,0.477121255
293,WHITE I.,62,117,0,Right Censored,1.522962661,0.182689256,-47.211716,0,0
294,"WOMENS I., E. Stewart I.",50,117,0,Right Censored,7.260387623,0.860959808,-47.228371,0,0
295,Adams Island,736,117,1,Right Censored,9741.960382,3.988646359,-59.897656,0,0
296,Campbell Island/Motu Ihupuku,588,101,1,Uncensored,10891.0171,4.03706844,-52.540444,3,0.602059991
297,Enderby Island,778,92,1,Uncensored,0.036598,-1.436542647,-50.495416,3,0.602059991
298,Ewing Island,2122,117,0,Right Censored,58.52200082,1.767319166,-50.528809,0,0
299,Fisherman Island,5313,107,1,Uncensored,5.099147507,0.707497575,-40.99308,1,0.301029996
300,Hokoromea Island,7299,90,1,Uncensored,11.96557887,1.077933714,-35.910963,1,0.301029996
301,Hokoromea Island A (Unnamed),7296,90,1,Uncensored,1.298804837,0.113543897,-35.910588,1,0.301029996
302,Hokoromea Island B (Unnamed),7301,90,1,Uncensored,1.019105383,0.008219096,-35.908316,1,0.301029996
303,Lizard Isle,7298,78,1,Uncensored,1.26296735,0.101392123,-35.909375,1,0.301029996
304,Macauley Island,16,106,1,Uncensored,247.406153,2.393410496,-30.23293,3,0.602059991
305,Manawat?whi/Great Island,584,46,1,Uncensored,402.3797469,2.604636113,-34.16168,1,0.301029996
306,Mangere,638,117,0,Right Censored,121.81536,2.085702053,-44.268735,3,0.602059991
307,Maria Island (Ruapuke Island),412,60,1,Uncensored,1.346906416,0.129337422,-36.709044,1,0.301029996
308,Mokoia,33,101,1,Uncensored,4.146892731,0.617722802,-38.08193,2,0.477121255
309,Mokopuna Island,5085,90,1,Uncensored,0.487153663,-0.312334027,-41.2513,2,0.477121255
310,Motungarara Island,5178,96,1,Uncensored,3.744271574,0.573367341,-40.886579,0,0
311,Motupapa Island,7302,109,1,Uncensored,1.726611635,0.237194663,-35.907665,1,0.301029996
312,Moutohora Island,5969,87,1,Uncensored,171.1032962,2.233258376,-37.857111,4,0.698970004
313,North East Island,45,117,0,Right Censored,283.1192439,2.45196939,-48.024603,0,0
314,Ocean Island,2947,42,1,Uncensored,0.059679,-1.224178463,-50.526094,1,0.301029996
315,Pomona,258,107,1,Uncensored,1.915025484,0.282174558,-45.509094,4,0.698970004
316,Pukeweka Island,937,106,1,Uncensored,3.302174521,0.518800022,-47.224907,2,0.477121255
317,Raoul Island,15,106,1,Uncensored,2965.02436,3.472028266,-29.271264,6,0.84509804
318,Rona,32,107,1,Uncensored,0.436720528,-0.359796394,-45.493523,1,0.301029996
319,Rose Island,802,92,1,Uncensored,80.141153,1.903855586,-50.511944,2,0.477121255
320,South East,626,16,1,Uncensored,248.539729,2.39539582,-44.34527,2,0.477121255
321,Stack B,7304,90,1,Uncensored,0.497944906,-0.302818706,-35.906637,1,0.301029996
322,Stack E,7277,90,1,Uncensored,0.128263939,-0.891895428,-35.911611,1,0.301029996
323,Stack F,7273,90,1,Uncensored,0.384955061,-0.414589966,-35.912045,1,0.301029996
324,Stack G,7291,90,1,Uncensored,0.505385418,-0.296377293,-35.913925,1,0.301029996
325,Stack I,7285,90,1,Uncensored,0.278610397,-0.55500268,-35.916677,1,0.301029996
326,Stack J,7289,90,1,Uncensored,0.278535852,-0.555118896,-35.915985,1,0.301029996
327,Tahoramaurea Island (Browns Island),5432,96,1,Uncensored,1.864999591,0.270678741,-40.889347,1,0.301029996
328,Waewaetorea Island,8016,109,1,Uncensored,51.20476006,1.709310335,-35.204513,4,0.698970004
329,Whenuakura Island,6087,84,1,Uncensored,3.092948045,0.490372625,-37.2199,2,0.477121255
330,Awaiti (Tawhitinui),5251,117,0,Right Censored,3.448018222,0.537569552,-41.053611,3,0.602059991
331,Battleship Rock,7939,117,0,Right Censored,2.274764703,0.356936481,-35.208762,2,0.477121255
332,David Rocks - A,6533,117,0,Right Censored,0.361010656,-0.442479978,-36.698274,1,0.301029996
333,David Rocks - B,6523,117,0,Right Censored,0.179250789,-0.746538923,-36.7012,1,0.301029996
334,David Rocks - C,6530,117,0,Right Censored,0.187836472,-0.726220078,-36.699073,1,0.301029996
335,Duffer's Reef,5335,117,0,Right Censored,0.69259868,-0.159518341,-40.9546,1,0.301029996
336,East Atoll,8011,117,0,Right Censored,0.723526729,-0.14054542,-35.202142,2,0.477121255
337,Ernest,1507,117,0,Right Censored,94.7919779,1.976771585,-46.958764,1,0.301029996
338,Flat Top Rock,8019,117,0,Right Censored,1.141604654,0.057515731,-35.201111,2,0.477121255
339,Fortyseven,7831,117,0,Right Censored,0.616158793,-0.210307349,-35.241948,2,0.477121255
340,Grey Group,7040,117,0,Right Censored,2.062236352,0.314338438,-36.184111,1,0.301029996
341,Hat,7888,117,0,Right Censored,0.108219497,-0.96569449,-35.217178,2,0.477121255
342,King Billy,4715,117,0,Right Censored,0.754410225,-0.122392434,-43.635089,3,0.602059991
343,Koi,6333,117,0,Right Censored,0.343179044,-0.464479239,-36.826699,2,0.477121255
344,Kuiamokimoki,7847,117,0,Right Censored,0.665014573,-0.177168837,-35.23043,2,0.477121255
345,Little Mahuki,6969,117,0,Right Censored,2.015980799,0.304486391,-36.22875,1,0.301029996
346,Little Rat,7992,117,0,Right Censored,0.681125529,-0.166772842,-35.20453,2,0.477121255
347,Long (Weka),2667,117,0,Right Censored,107.1625465,2.030043025,-46.0949,2,0.477121255
348,Mahenotiti,7855,117,0,Right Censored,1.036734903,0.01566772,-35.2275,2,0.477121255
349,Mauhaka Rocks,6088,117,0,Right Censored,1.052464919,0.022207629,-37.218323,1,0.301029996
350,Motiti,7696,117,0,Right Censored,0.368562903,-0.43348838,-35.353211,1,0.301029996
351,Motukaha,6362,117,0,Right Censored,0.731938727,-0.135525273,-36.795075,1,0.301029996
352,Motukaraka,7685,117,0,Right Censored,1.752128946,0.243566065,-35.38783,1,0.301029996
353,Motungara (Motungarara),5456,117,0,Right Censored,2.017777228,0.304873216,-40.886579,2,0.477121255
354,Motungarara (Cliff Rock),7998,117,0,Right Censored,1.328759494,0.123446381,-35.202991,1,0.301029996
355,Motuoi,7886,117,0,Right Censored,2.834925768,0.452541691,-35.218956,2,0.477121255
356,Moturako,7054,117,0,Right Censored,0.857846678,-0.066590326,-36.179716,1,0.301029996
357,Motutara,7915,117,0,Right Censored,0.420735123,-0.375991232,-35.2143,1,0.301029996
358,Motuterakihi,8060,117,0,Right Censored,0.506173365,-0.295700711,-35.1851,1,0.301029996
359,Mouse,8006,117,0,Right Censored,1.252923529,0.097924565,-35.203169,2,0.477121255
360,NE Crater Rim,7999,117,0,Right Censored,0.674219735,-0.171198539,-35.203333,2,0.477121255
361,Ngatokaparangi 1,7871,117,0,Right Censored,0.581264966,-0.235625852,-35.222472,1,0.301029996
362,Ngatokaparangi 2,7870,117,0,Right Censored,0.240444865,-0.618984493,-35.222483,1,0.301029996
363,Ngatokaparangi 3,7869,117,0,Right Censored,0.448413116,-0.348321692,-35.223503,1,0.301029996
364,Ngawhiti,5552,117,0,Right Censored,1.656323916,0.219145273,-40.804528,1,0.301029996
365,NW Crater Rim,8008,117,0,Right Censored,0.574655212,-0.24059265,-35.202778,2,0.477121255
366,Opakau,7006,117,0,Right Censored,3.070406501,0.487195877,-36.20198,1,0.301029996
367,Outer Little Rat,8026,117,0,Right Censored,0.50873501,-0.293508374,-35.200178,2,0.477121255
368,Outer Stuck Anchor Rock,7926,117,0,Right Censored,0.271181078,-0.566740618,-35.211767,2,0.477121255
369,Oyster Island,477,117,0,Right Censored,0.336485438,-0.473033725,-36.142264,1,0.301029996
370,Pakatahi,7845,117,0,Right Censored,0.792405797,-0.101052356,-35.231111,2,0.477121255
371,Papakohatu (Crusoe),6328,117,0,Right Censored,2.075482204,0.317119014,-36.8125,1,0.301029996
372,Papakuri,6980,117,0,Right Censored,0.435332504,-0.361178906,-36.220414,1,0.301029996
373,Phillip,7499,117,0,Right Censored,0.850864917,-0.070139383,-35.615927,3,0.602059991
374,Phil's Hat,7951,117,0,Right Censored,0.798138862,-0.097921542,-35.206863,2,0.477121255
375,Pig,5057,117,0,Right Censored,7.279471363,0.862099842,-41.311064,1,0.301029996
376,Rabbit,7427,117,0,Right Censored,0.988031531,-0.005229195,-35.789026,1,0.301029996
377,Rangiatea,7889,117,0,Right Censored,1.823885867,0.260997658,-35.218031,2,0.477121255
378,Rat,8005,117,0,Right Censored,1.180087189,0.071914096,-35.203169,2,0.477121255
379,Rotoroa Stacks,377,117,0,Right Censored,0.191977028,-0.716750735,-36.822117,1,0.301029996
380,Round,7854,117,0,Right Censored,2.21342768,0.345065337,-35.227991,2,0.477121255
381,SE Crater Rim,7964,117,0,Right Censored,1.903936824,0.279652534,-35.205,2,0.477121255
382,Stuck Anchor Rock,7933,117,0,Right Censored,0.233198569,-0.632274119,-35.210158,2,0.477121255
383,SW Crater Rim,552,117,0,Right Censored,0.139478923,-0.855491414,-35.205678,2,0.477121255
384,Taieri,3093,117,0,Right Censored,5.072209308,0.705197167,-46.057625,1,0.301029996
385,Taranaki,8001,117,0,Right Censored,0.221263215,-0.655090782,-35.203763,1,0.301029996
386,Te Ao,7857,117,0,Right Censored,1.184838004,0.073658976,-35.227264,2,0.477121255
387,Tern Rock,8032,117,0,Right Censored,1.424156794,0.153557806,-35.199281,2,0.477121255
388,Unnamed Cape Wiwiki A (Snail Rock),8116,117,0,Right Censored,0.535143256,-0.271529943,-35.153885,4,0.698970004
389,Unnamed Cape Wiwiki B (Gorse Island),8126,117,0,Right Censored,0.208033653,-0.681866405,-35.15272,3,0.602059991
390,Waimate,6403,117,0,Right Censored,69.50055234,1.841988256,-36.762622,3,0.602059991
391,Wainui,8036,117,0,Right Censored,1.864943359,0.270665646,-35.198928,1,0.301029996
392,West Atoll,8015,117,0,Right Censored,1.575927037,0.197536107,-35.202153,2,0.477121255
393,West Tern Rock,8029,117,0,Right Censored,0.307649102,-0.511944349,-35.199467,2,0.477121255
394,Whanganui,387,117,0,Right Censored,284.4431181,2.453995431,-36.785833,2,0.477121255
395,Wood,7124,117,0,Right Censored,1.461810825,0.164891174,-36.15243,1,0.301029996
396,Wood Stack A,7123,117,0,Right Censored,0.322710543,-0.491186847,-36.151974,1,0.301029996
